id,réf,nomDuCostume,epoque,couleur_dominante,couleurs_autres,type,quantite,lieu
0,VET0,pantalon gendarmerie taille variable bleu marine,,bleu,,pantalon,11,BGEN1
1,VET1,pantalon gendarmerie taille variable bleu avec trait noir sur le coté ,,bleu,,pantalon,8,BGEN1
2,VET2,pull laine gendarmerie bleu marine,,bleu,blanc,pull,5,BGEN1
3,VET3,chemise gendarmerie bleu clair ,,bleu,,haut,6,BGEN1
4,VET4,débardeur blanc,,blanc,,haut,1,BCHA1
5,VET5,chemise grise à carreau avec manches courtes ,,gris,,haut,1,BCHA1
6,VET6,chemise à carreaux trop grande blanc et marron et rouge à manches longues,,marron,blanc orange,haut,1,BCHA1
7,VET7,veste noire avec une bouton ,,noir,,haut,1,BCHA1
8,VET8,jupe noire avec ruban à la ceinture,,noir,,jupe,1,BJU2
9,VET9,jupe noire froissée,,noir,,jupe,1,BJU2
10,VET10,robe longue verte foncée avec couture à carreaux,,vert,,robe,1,BRO3
11,VET11,robe longue noire avec points blancs avec boutons devant,,noir,blanc,robe,2,BRO3
12,VET12,robe moyenne débardeur à carreaux verte dentelle sur les bords,,gris,,robe,1,BRO3
13,VET13,robe longue noire avec manches longues en toiles,,noir,,robe,1,BRO3
14,VET14,veste de costume grise ,,gris,,veste,1,BVE1
15,VET15,veste fine marron avec boutons ,,marron,,veste,1,BVE1
16,VET16,veste verte,,vert,,veste,1,BVE1
17,VET17,Veste longue fine grise avec ceinture ,,gris,,veste,1,BVE1
18,VET18,veste courte noire avec boutons gris ,,noir,gris,veste,1,BVE1
19,VET19,veste noire avec col ,,noir,,veste,1,BVE1
20,VET20,manteau noire avec fourrure noire,,noir,,veste,1,BVE1
21,VET21,veste longue grise ,,gris,,veste,1,BVE1
22,VET22,veste courte noire sans fermeture,,noir,,veste,1,BVE1
23,VET23,veste marron avec manche et col à tissu vert à rayure et boutons dorés,,marron,blanc vert,veste,1,BVE1
24,VET24,veste couleur bleu jean courte gros boutons dorés,,bleu,or,veste,1,BVE1
25,VET25,veste blanche avec bords noirs ,,blanc,noir,veste,1,BVE1
26,VET26,veste noire avec boutons,,noir,,veste,1,BVE1
27,VET27,veste bleu foncé enfant ,,bleu,or,veste,1,BTEN1
28,VET28,chemise blanche avec haut brodé ,,blanc,,haut,1,BCHA1
29,VET29,T-shirt à manches longues blanc délavé,,blanc,,haut,1,BCHA1
30,VET30,chemise blanc ,,blanc,,haut,1,BCHA1
31,VET31,chemise rouge à pois blanc ,,rouge,blanc,haut,1,BCHA1
32,VET32,T-shirt transparent bleu à fleurs bleu,,blanc,bleu vert,haut,1,BCHA1
33,VET33,chemise noire à rayures noires ,,noir,,haut,1,BCHA1
34,VET34,veste en laine blanche à manches longues ,,blanc,,veste,1,BCHA1
35,VET35,chemise blanche à motifs ,,blanc,,haut,1,BCHA1
36,VET36,chemise de nuit blanche à fleurs ,,blanc,,haut,1,BCHA1
37,VET37,chemise blanche à carreaux marrons manches longues ,,blanc,,haut,1,BCHA1
38,VET38,chemise blanche transparente à broderies ,,blanc,,haut,1,BCHA1
39,VET39,pantalon noir,,noir,,pantalon,1,BGEN1
40,VET40,pantalon noir avec carré de tissus cousus et décousus ,,noir,vert marron jaune gris,pantalon,1,BPAN1
41,VET41,pantalon bordeaux avec carré de tissus cousus,,marron,vert orange noir,pantalon,1,BPAN1
42,VET42,pantalon bleu foncé avec carré de tissus cousus avec ceinture en jute,,bleu,vert marron,pantalon,1,BPAN1
43,VET43,pantalon marron clair avec carré de tissus cousus ,,marron,bleu,pantalon,1,BPAN1
44,VET44,pantalon bleu marine homme long élastique,,bleu,,pantalon,1,BPAN1
45,VET45,pantalon noir,,noir,,pantalon,1,BPAN1
46,VET46,robe blanche à pois noirs et boutons bleu devant,,blanc,noir,robe,1,BRO3
47,VET47,chemise adulte homme marron clair,,marron,,haut,1,BCHA1
48,VET48,chemise homme xxl à carreau bleue et blanc,,bleu,blanc,haut,1,BCHA1
49,VET49,chemise homme couleur crème,,marron,,haut,1,BCHA1
50,VET50,chemise homme bleu à rayures vertes avec broderie RB,,bleu,vert,haut,1,BCHA1
51,VET51,chemise homme à carreaux bleu foncé et blanc douce,,bleu,blanc,haut,1,BCHA1
52,VET52,chemise homme à rayures blanche et bleu,,bleu,,haut,1,BCHA1
53,VET53,chemise à carreaux bleu ,,bleu,,haut,1,BCHA1
54,VET54,chemise à motifs noir et gris ,,blanc,gris,haut,1,BCHA1
55,VET55,chemise à carreaux homme bleu,,bleu,,haut,1,BCHA1
56,VET56,chemise à motifs noir et bleu ,,bleu,,haut,1,BCHA2
57,VET57,chemise à rayures rouge et gris ,,blanc,,haut,1,BCHA2
58,VET58,chemise à rayures bleu clair blanc et noir ,,bleu,noir,haut,1,BCHA2
59,VET59,chemise grise,,gris,,haut,1,BCHA2
60,VET60,chemise à carreaux homme blanc vert ,,blanc,vert,haut,1,BCHA2
61,VET61,chemise blanche  ,,blanc,,haut,1,BCHA2
62,VET62,pantalon vert à carreaux bleu et rouge ,,vert,bleu rouge,pantalon,1,BPAN1
63,VET63,pantalon gris avec traits noir sur le coté,,gris,,pantalon,1,BPAN1
64,VET64,pantalon noir,,noir,,pantalon,1,BPAN1
65,VET65,veste multicolore violet,,rouge,violet orange,haut,1,BCHA2
66,VET66,chemise transparente blanche ,,blanc,,haut,1,BCHA2
67,VET67,chemise blanche  ,,blanc,,haut,30,BCHA2
68,VET68,chemise blanche longue ,,blanc,,haut,2,BCHA2
69,VET69,jupe longue blanche ,,blanc,,jupe,5,BJU2
70,VET70,jupe longue noir,,noir,,jupe,1,BJU2
71,VET71,robe de veuve noire à carreaux,,noir,,robe,1,BRO3
72,VET72,robe noire avec coutures à carreaux,,noir,,robe,1,BRO3
73,VET73,jupe blanche longue,,blanc,,jupe,13,BJU3
74,VET74,jupe courte transparente blanche,,blanc,,jupe,5,BJU3
75,VET75,jupe blanche courte avec motifs ,,blanc,,jupe,1,BJU3
76,VET76,jupon court blanc avec trous en bas,,blanc,,jupe,1,BJU3
77,VET77,costume clown enfant bleu blanc rouge à pois et rayures,,bleu,rouge blanc,enfant,1,BTEN1
78,VET78,tenue robe orpheline,,blanc,bleu,enfant,1,BTEN1
79,VET79,chemisier robe noire écolier,,noir,,enfant,1,BTEN1
80,VET80,blouse de maître d’école ,,bleu,,enfant,1,BTEN1
81,VET81,shorts bleu marine associé à la marinière blanche et bleu,,bleu,,enfant,1,BTEN1
82,VET82,short blanc associé à la marinière bleu et blanche,,blanc,,enfant,1,BTEN1
83,VET83,marinière enfant bleu et blanche avec nœud blanc,,bleu,blanc,enfant,1,BTEN1
84,VET84,marinière enfant blanche et bleu avec nœud bleu,,blanc,bleu,enfant,1,BTEN1
85,VET85,pantalon en velours vert kaki,,vert,,pantalon,2,BPAN1
86,VET86,pantalon en velours marron clair,,marron,,pantalon,1,BPAN1
87,VET87,pantalon blanc à rayures grises ,,blanc,,pantalon,1,BPAN1
88,VET88,pantalon jeans blanc ,,blanc,,pantalon,2,BPAN1
89,VET89,pantalon marron noir à carreaux,,noir,,pantalon,1,BPAN1
90,VET90,pantalon marron toile fin,,gris,,pantalon,1,BPAN1
91,VET91,pantalon type jogging velours gris et blanc,,blanc,gris,pantalon,1,BPAN1
92,VET92,pantalon de costume gris et noir rayures,,gris,,pantalon,2,BPAN2
93,VET93,pantalon type velours marron vert,,vert,,pantalon,1,BPAN1
94,VET94,pantalon de costume noir et gris à rayures,,noir,,pantalon,1,BPAN1
95,VET95,pantalon gris,,gris,,pantalon,1,BPAN1
96,VET96,pantalon noir bleu très foncé,,noir,,pantalon,3,BPAN1
97,VET97,pantalon de velours gris ,,gris,,pantalon,2,BPAN1
98,VET98,pantalon marron à rayures ,,marron,,pantalon,1,BPAN1
99,VET99,jeans gris ,,gris,,pantalon,1,BPAN1
100,VET100,pantalon noir,,noir,,pantalon,1,BPAN1
101,VET101,pantalon de travail bleu ,,bleu,,pantalon,1,BPAN2
102,VET102,chemise de travail bleu jeans,,bleu,,veste,2,BCHA2
103,VET103,chemise bleu délavée jeans,,bleu,,veste,1,BCHA2
104,VET104,chemise de travail bleu foncé petant avec logo CIM devant,,bleu,,veste,1,BCHA2
105,VET105,pantalon gris foncé,,gris,,pantalon,1,BPAN2
106,VET106,pantalon velours gris avec carré de coutures et ceintures en toile de jutes,,gris,marron jaune vert,pantalon,1,BPAN2
107,VET107,pantalon noir à rayures grises ,,noir,,pantalon,1,BPAN2
108,VET108,pantalon type jogging velours bleu marine et bleu,,bleu,,pantalon,1,BPAN2
109,VET109,pantalon bleu foncé,,bleu,,pantalon,1,BPAN2
110,VET110,pantalon velours marron ,,marron,,pantalon,1,BPAN2
111,VET111,pantalon bleu foncé noir,,bleu,,pantalon,1,BPAN2
112,VET112,pantalon noir de costume,,noir,,pantalon,1,BPAN2
113,VET113,pantalon noir avec ruban sur le coté ,,noir,,pantalon,1,BPAN2
114,VET114,jupe longue bleue unie,,bleu,,jupe,7,BJU3
115,VET115,jupe longue verte unie,,vert,,jupe,2,BJU3
116,VET116,Sur-jupe jaune moutarde avec poche et attache au dos,,jaune,,jupe,1,BJU4
117,VET117,Sur-jupe à carreaux bleu et jaune à poches,,bleu,jaune,jupe,2,BJU4
118,VET118,Sur-jupe à rayures bleu et beige ,,beige,bleu,jupe,1,BJU4
119,VET119,Sur-jupe à carreaux noir et blanc,,noir,gris,jupe,1,BJU4
120,VET120,Sur-jupe avec poche blanche et taches bleues,,blanc,bleu,jupe,1,BJU4
121,VET121,Sur-jupe à poche noire,,noir,,jupe,3,BJU4
122,VET122,Sur-jupe avec poche noire et blanche à pois ,,noir,blanc,jupe,1,BJU4
123,VET123,Sur-jupe avec poche violet et marron,,marron,violet,jupe,2,BJU4
124,VET124,Sur-jupe courte avec poche marron à carreaux,,marron,blanc,jupe,1,BJU4
125,VET125,Sur-jupe beige à poche ,,beige,,jupe,1,BJU4
126,VET126,Sur-jupe marron à poche ,,marron,,jupe,1,BJU4
127,VET127,salopette tablier blanc,,blanc,,salopette,1,BJU4
128,VET128,Sur-jupe blanche courte,,blanc,,jupe,1,BJU4
129,VET129,Sur-jupe à petits carreaux marron,,marron,,pantalon,1,BJU4
130,VET130,pantalon en velours marron ,,marron,,pantalon,1,BPAN2
131,VET131,pantalon à rayure noir et gris,,noir,gris,pantalon,1,BPAN2
132,VET132,pantalon gris ,,gris,,pantalon,1,BPAN2
133,VET133,pantalon noir uni,,noir,,pantalon,1,BPAN2
134,VET134,jeans bleu avec ceinture marron en jute et carreaux de tissus ,,bleu,marron violet vert,pantalon,1,BPAN2
135,VET135,jeans gris foncé type velours,,gris,,pantalon,1,BPAN2
136,VET136,pantalon noir sale à rayures droites,,noir,,pantalon,1,BPAN2
137,VET137,pantalon vert kaki en velours ,,vert,,pantalon,1,BPAN2
138,VET138,pantalon en velours beige,,beige,,pantalon,2,BPAN2
139,VET139,pantalon en velours gris taille large,,gris,,pantalon,1,BPAN2
140,VET140,pantalon en velours vert kaki ,,vert,,pantalon,1,BPAN3
141,VET141,pantalon marron foncé en velours,,marron,,pantalon,1,BPAN3
142,VET142,pantalon noir doux ,,noir,,pantalon,1,BPAN3
143,VET143,pantalon gris à rayures,,gris,,pantalon,1,BPAN3
144,VET144,pantalon gris à velours ,,gris,,pantalon,1,BPAN3
145,VET145,pantalon en velours bleu foncé ,,bleu,,pantalon,1,BPAN3
146,VET146,pantalon marron en velours avec ficelle ,,marron,blanc,pantalon,1,BPAN3
147,VET147,pantalon vert bleu ,,bleu,,pantalon,2,BPAN3
148,VET148,Panta-court à rayure gris noir,,noir,gris,pantalon,1,BPAN3
149,VET149,jupon longue bleu foncé 1900 ,,bleu,,jupe,1,BJU4
150,VET150,Chemisier 1900 blanc,,blanc,,haut,1,BCHA3
151,VET151,chemisier blanc 1900,,blanc,,haut,1,BCHA3
152,VET152,Chemisier 1900 ,,blanc,,haut,1,BCHA3
153,VET153,Chemisier 1900 long,,blanc,,haut,1,BCHA3
154,VET154,Chemisier 1900 ,,blanc,,haut,1,BCHA3
155,VET155,chemise blanche ,,blanc,,haut,1,BCHA3
156,VET156,chemisier blanc 1900,,blanc,,haut,1,BCHA3
157,VET157,chemisier blanc 1900,,blanc,,haut,1,BCHA3
158,VET158,chemisier beige ,,blanc,,haut,1,BCHA3
159,VET159,chemisier noir ,,noir,,haut,1,BCHA3
160,VET160,Chemisier noir sans manche  ,,noir,,haut,1,BCHA3
161,VET161,chemise longue blanche ,,blanc,,haut,1,BCHA3
162,VET162,chemise longue blanche ,,blanc,,haut,1,BCHA3
163,VET163,chemise blanche avec froufrou,,blanc,,haut,1,BCHA3
164,VET164,haut transparent blanc ,,blanc,,haut,1,BCHA3
165,VET165,jupon blanc court ,,blanc,,jupe,1,BJU5
166,VET166,jupon blanc court avec dentelle,,blanc,,jupe,1,BJU5
167,VET167,jupon long blanc,,blanc,,jupe,5,BJU5
168,VET168,jupe longue blanche,,blanc,,jupe,1,BJU5
169,VET169,jupe longue blanche,,blanc,,jupe,1,BJU5
170,VET170,jupe longue blanche,,blanc,,jupe,1,BJU5
171,VET171,chemisier blanc manche blonde bouton or,,blanc,or,haut,1,BCHA3
172,VET172,chemisier blanc 1900,,blanc,,haut,1,BCHA3
173,VET173,chemise de nuit femme 19e ,,blanc,,haut,1,BCHA3
174,VET174,T-shirt blanc manche longue taille 42-44 ,,blanc,,haut,1,BCHA3
175,VET175,chemise blanche ,,blanc,,haut,1,BCHA3
176,VET176,chemise manche longue ,,blanc,,haut,1,BCHA3
177,VET177,chemisier blanc manche longue,,blanc,,haut,1,BCHA3
178,VET178,chemisier blanc 1900,,blanc,,haut,1,BCHA3
179,VET179,chemise blanche rayé,,blanc,,haut,1,BCHA3
180,VET180,chemise blanche manche longue ,,blanc,,haut,1,BCHA3
181,VET181,chemisier blanc avec nœud au cou,,blanc,,haut,1,BCHA3
182,VET182,chemisier blanc col ,,blanc,,haut,1,BCHA3
183,VET183,chemisier blanc avec nœud au cou,,blanc,,haut,1,BCHA3
184,VET184,chemise blanche,,blanc,,haut,1,BCHA3
185,VET185,chemisier blanc,,blanc,,haut,1,BCHA3
186,VET186,robe de nuit blanche,,blanc,,haut,1,BCHA3
187,VET187,chemise blanche manche longue ,,blanc,,haut,1,BCHA3
188,VET188,chemise de nuit blanche ,,blanc,,haut,1,BCHA3
189,VET189,chemise de nuit blanche ,,blanc,,haut,1,BCHA3
190,VET190,chemise longue blanche ,,blanc,,haut,1,BCHA3
191,VET191,chemise blanche manche longue ,,blanc,,haut,1,BCHA3
192,VET192,chemise de nuit ,,blanc,,haut,1,BCHA3
193,VET193,chemise longue blanche ,,blanc,,haut,1,BCHA3
194,VET194,chemise manche moyenne ,,blanc,,haut,1,BCHA3
195,VET195,chemise longue blanche ,,blanc,,haut,1,BCHA3
196,VET196,chemise transparente manche longue,,blanc,,haut,1,BCHA3
197,VET197,chemise blanche manche longue ,,blanc,,haut,1,BCHA3
198,VET198,chemise blanche,,blanc,,haut,1,BCHA4
199,VET199,chemise blanche ,,blanc,,haut,1,BCHA4
200,VET200,chemise longue blanche ,,blanc,,haut,1,BCHA4
201,VET201,chemise de nuit blanche homme,,blanc,,haut,1,BCHA4
202,VET202,chemise longue blanche ,,blanc,,haut,1,BCHA4
203,VET203,chemise blanche courte manche longue ,,blanc,,haut,1,BCHA4
204,VET204,chemise longue blanche ,,blanc,,haut,1,BCHA4
205,VET205,chemise courte ,,blanc,,haut,1,BCHA4
206,VET206,chemise boutons nombreux ,,blanc,,haut,1,BCHA4
207,VET207,chemisier fleuri blanc ,,blanc,,haut,1,BCHA4
208,VET208,chemise brodée ,,blanc,,haut,1,BCHA4
209,VET209,chemise blanche ,,blanc,,haut,1,BCHA4
210,VET210,chemisier blanc manche longue ,,blanc,,haut,1,BCHA4
211,VET211,chemise blanche manche longue ,,blanc,,haut,1,BCHA4
212,VET212,chemisier blanc cassé,,blanc,,haut,1,BCHA4
213,VET213,chemise blanche ,,blanc,,haut,1,BCHA4
214,VET214,chemise blanche ,,blanc,,haut,1,BCHA4
215,VET215,veste sans manche marron et dos kaki homme,,marron,vert,haut,1,BCHA4
216,VET216,veste sans manche marron foncé et dos noir homme ( ou femme?),,marron,,haut,1,BCHA4
217,VET217,veste sans manche velours côtelé marron clair homme ,,marron,,haut,1,BCHA4
218,VET218,jupe noir imperméable,,noir,,jupe,1,BJU5
219,VET219,veste de costume homme noir taille 56 ,,noir,,veste,1,S510 – P1
220,VET220,robe rouge et blanche spectacle,,rouge,blanc,robe,1,S510 – P1
221,VET221,haut noir brodé en dentelle avec un jabot noir et argenté ,,noir,blanc,haut,1,S510 – P1
222,VET222,chemise blanche longue avec veste bleue ,,bleu,blanc,haut,1,S510 – P1
223,VET223,jupe salopette verte et noir tartan ,,vert,noir,jupe,3,S510 – P1
224,VET224,jupe salopette blanche et noir tartan ,,gris,,jupe,1,S510 – P1
225,VET225,uniforme de soldat 14/18,,bleu,rouge blanc,uniforme,1,S510 – P1
226,VET226,cape noir avec capuche ,,noir,,cape,1,S510 – P1
227,VET227,ensemble jupe + haut jaune à pois noir ,,jaune,noir,tenue,1,S510 – P1
228,VET228,ensemble jupe marron clair quadrillé + haut vert avec jabot ,,vert ,marron,tenue,1,S510 – P1
229,VET229,blouse du docteur rochet blanche ,,blanc,noir,tenue,1,S510 – P1
230,VET230,ensemble jupe a rayures beige + haut bleu et blanc,,bleu,blanc,tenue,1,S510 – P1
231,VET231,Ensemble jupe + haut à carreaux,,blanc,orange,tenue,1,S510 – P1
232,VET232,Ensemble jupe + haut rose,,rose,,tenue,1,S510 – P1
233,VET233,Ensemble jupe + haut vert,,vert,,tenue,1,S510 – P1
234,VET234,Ensemble jupe + haut violet,,violet,,tenue,1,S510 – P1
235,VET235,Ensemble jupe + haut rose saumon,,orange,,tenue,1,S510 – P1
236,VET236,Robe violet violet fuchsia a paillette,,violet,,robe,1,S510 – P1
237,VET237,Ensemble jupe + veste bleu et motif rouge,,bleu,rouge,tenue,1,S510 – P1
238,VET238,Ensemble veste + jupe rose ,,rose,,tenue,1,S510 – P1
239,VET239,Ensemble militaire,,marron,,tenue,1,S510 – P1
240,VET240,veste bleu a boutons blancs,,bleu,blanc,veste,1,S510 – P1
241,VET241,veste blanche et grise ,,noir,blanc,veste,1,S510 – P1
242,VET242,Robe blanche à point noir,,blanc,noir,robe,1,S510 – P1
243,VET243,Ensemble costume veste + pantalon bleu,,bleu,gris,tenue,1,S510 – P1
244,VET244,veste bleu,,bleu,,veste,1,S510 – P1
245,VET245,tenue de prisonnier a rayure noir et blanc,,blanc,noir,tenue,1,S510 – P1
246,VET246,Veste bleu et beige ,,bleu,beige,veste,1,S510 – P1
247,VET247,Veste bleu,,bleu,,veste,1,S510 – P1
248,VET248,Veste à motif noir et blanc,,noir,blanc,veste,1,S510 – P1
249,VET249,Veste bleu a boutons gris,,bleu,gris,veste,1,S510 – P1
250,VET250,Veste noir à boutons personnalisé ,,noir,or,veste,1,S510 – P1
251,VET251,Blouson / Manteau imperméable noir,,noir,,veste,1,S510 – P1
252,VET252,Manteau bleu élégant ,,bleu,,veste,1,S510 – P1
253,VET253,veste noir et or,,noir,,veste,1,S510 – P1
254,VET254,Robe + veste blanche à motif + or,,blanc,rose,tenue,1,S510 – P1
255,VET255,Robe + veste à motif rose,,rose,,tenue,1,S510 – P1
256,VET256,veste noir,,noir,,veste,1,S510 – P1
257,VET257,Veste bleu avec mouchoir,,bleu,noir blanc or,veste,1,S510 – P1
258,VET258,Manteau court en fourrure,,marron,,veste,1,S510 – P1
259,VET259,Veste noir,,noir,,veste,1,S510 – P1
260,VET260,Manteau gris,,gris,,veste,1,S510 – P1
261,VET261,Veste grise sans manche,,gris,,veste,1,S510 – P1
262,VET262,Veste costume bleu,,bleu,,veste,1,S510 – P1
263,VET263,Uniforme bleu avec gros bouton or,,bleu,or,tenue,1,S510 – P1
264,VET264,veste noir,,noir,,veste,1,S510 – P1
265,VET265,veste costume noir,,noir,,veste,1,S510 – P1
266,VET266,Robe noir et blanche + par dessus noir a motif,,noir,blanc,tenue,1,S510 – P1
267,VET267,manteau noir ,,noir,,veste,1,S510 – P1
268,VET268,Manteau bleu ,,bleu,,veste,1,S510 – P1
269,VET269,Haut blanc dentelle noire,,blanc,noir,veste,1,S510 – P1
270,VET270,Haut transparent blanc et dorée,,blanc,or,haut,1,S510 – P1
